Event ID Number,Division Name,Event Name,Upload Type,Report ,Context Box,Score Sheet,Additional Documents,Convention Type
1,Academics,Checkers,Nil ,No,No,No,No,2
2,Academics,Chess,Nil ,No,No,No,No,2
3,Academics,Spelling,Nil ,No,No,No,No,2
5,Academics,Science Collection,Document ,Yes,No,No,No,0
9,Academics,Social Studies Collection,Document ,Yes,No,No,No,0
12,Academics,Poetry Writing,Document ,Yes,No,No,No,2
13,Academics,Short Story Writing,Document ,Yes,No,No,No,2
14,Academics,Book Report,Document ,Yes,No,No,No,2
51,Academics,checkers,Nil ,No,No,No,No,2
52,Academics,Chess,Nil ,No,No,No,No,2
53,Academics,Spelling,Nil ,No,No,No,No,2
54,Academics,PACE Bowl,Nil ,No,No,No,No,2
55,Academics,Science Collection,Document ,Yes,No,No,No,0
56,Academics,Science Research,Document ,Yes,No,No,No,1
57,Academics,Science Engineering,Document ,Yes,No,No,No,0
58,Academics,Science Theoretical,Document ,Yes,No,No,No,1
59,Academics,Social Studies Collection,Document ,Yes,No,No,No,0
60,Academics,Social Studies Research,Document ,Yes,No,No,No,1
61,Academics,Persuasive Essay Writing,Document ,Yes,No,No,No,2
62,Academics,Poetry Writing,Document ,No,No,No,No,2
63,Academics,Short Story Writing,Document ,No,No,No,No,2
64,Academics,Book Report,Document ,No,No,No,No,2
100,Physical Education - Athletics,100m (Male),Nil ,No,No,No,No,0
101,Physical Education - Athletics,200m (Male),Nil ,No,No,No,No,0
102,Physical Education - Athletics,400m (Male),Nil ,No,No,No,No,0
103,Physical Education - Athletics,800m (Male),Nil ,No,No,No,No,0
104,Physical Education - Athletics,1500m (Male),Nil ,No,No,No,No,0
105,Physical Education - Athletics,4 x 100m Relay (Male),Nil ,No,No,No,No,0
106,Physical Education - Athletics,Long Jump (Male),Nil ,No,No,No,No,0
109,Physical Education - Sports,Table Tennis - Singles (Male),Nil ,No,No,No,No,0
110,Physical Education - Sports,Table Tennis - Doubles (Male),Nil ,No,No,No,No,0
111,Physical Education - Sports,Football Kick (Male),Nil ,No,No,No,No,0
112,Physical Education - Sports,Soccer Kick (Male),Nil ,No,No,No,No,0
113,Physical Education - Sports,Netball Shoot (Male),Nil ,No,No,No,No,0
130,Physical Education - Athletics,100m (Male),Nil ,No,No,No,No,0
131,Physical Education - Athletics,200m (Male),Nil ,No,No,No,No,0
132,Physical Education - Athletics,400m (Male),Nil ,No,No,No,No,0
133,Physical Education - Athletics,800m (Male),Nil ,No,No,No,No,0
134,Physical Education - Athletics,1500m (Male),Nil ,No,No,No,No,0
135,Physical Education - Athletics,4 x 100m Relay (Male),Nil ,No,No,No,No,0
136,Physical Education - Athletics,Long Jump (Male),Nil ,No,No,No,No,0
137,Physical Education - Athletics,Shot Put (Male),Nil ,No,No,No,No,0
138,Physical Education - Athletics,Discus (Male),Nil ,No,No,No,No,0
139,Physical Education - Sports,Table Tennis - Singles (Male),Nil ,No,No,No,No,0
140,Physical Education - Sports,Table Tennis - Doubles (Male),Nil ,No,No,No,No,0
141,Physical Education - Sports,Football Kick (Male),Nil ,No,No,No,No,0
142,Physical Education - Sports,Soccer Kick (Male),Nil ,No,No,No,No,0
143,Physical Education - Sports,Netball Shoot (Male),Nil ,No,No,No,No,0
160,Physical Education - Athletics,100m (Male),Nil ,No,No,No,No,0
161,Physical Education - Athletics,200m (Male),Nil ,No,No,No,No,0
162,Physical Education - Athletics,400m (Male),Nil ,No,No,No,No,0
163,Physical Education - Athletics,800m (Male),Nil ,No,No,No,No,0
164,Physical Education - Athletics,1500m (Male),Nil ,No,No,No,No,0
165,Physical Education - Athletics,4 x 100m Relay (Male),Nil ,No,No,No,No,0
166,Physical Education - Athletics,Long Jump (Male),Nil ,No,No,No,No,0
167,Physical Education - Athletics,Shot Put (Male),Nil ,No,No,No,No,0
168,Physical Education - Athletics,Discus (Male),Nil ,No,No,No,No,0
169,Physical Education - Sports,Table Tennis - Singles (Male),Nil ,No,No,No,No,0
170,Physical Education - Sports,Table Tennis - Doubles (Male),Nil ,No,No,No,No,0
171,Physical Education - Sports,Football Kick (Male),Nil ,No,No,No,No,0
172,Physical Education - Sports,Soccer Kick (Male),Nil ,No,No,No,No,0
173,Physical Education - Sports,Netball Shoot (Male),Nil ,No,No,No,No,0
174,Physical Education - Sports,Basketball (Male),Nil ,No,No,No,No,0
175,Physical Education - Sports,Tennis - singles (Male),Nil ,No,No,No,No,0
176,Physical Education - Sports,Futsal (Male),Nil ,No,No,No,No,0
177,Physical Education - Sports,Volleyball (Male),Nil ,No,No,No,No,0
200,Physical Education - Athletics,100m (Female),Nil ,No,No,No,No,0
201,Physical Education - Athletics,200m (Female),Nil ,No,No,No,No,0
202,Physical Education - Athletics,400m (Female),Nil ,No,No,No,No,0
203,Physical Education - Athletics,800m (Female),Nil ,No,No,No,No,0
204,Physical Education - Athletics,1500m (Female),Nil ,No,No,No,No,0
205,Physical Education - Athletics,4 x 100m Relay (Female),Nil ,No,No,No,No,0
206,Physical Education - Athletics,Long Jump (Female),Nil ,No,No,No,No,0
209,Physical Education - Sports,Table Tennis - Singles (Female),Nil ,No,No,No,No,0
210,Physical Education - Sports,Table Tennis - Doubles (Female),Nil ,No,No,No,No,0
211,Physical Education - Sports,Football Kick (Female),Nil ,No,No,No,No,0
212,Physical Education - Sports,Soccer Kick (Female),Nil ,No,No,No,No,0
213,Physical Education - Sports,Netball Shoot (Female),Nil ,No,No,No,No,0
230,Physical Education - Athletics,100m (Female),Nil ,No,No,No,No,0
231,Physical Education - Athletics,200m (Female),Nil ,No,No,No,No,0
232,Physical Education - Athletics,400m (Female),Nil ,No,No,No,No,0
233,Physical Education - Athletics,800m (Female),Nil ,No,No,No,No,0
234,Physical Education - Athletics,1500m (Female),Nil ,No,No,No,No,0
235,Physical Education - Athletics,4 x 100m Relay (Female),Nil ,No,No,No,No,0
236,Physical Education - Athletics,Long Jump (Female),Nil ,No,No,No,No,0
237,Physical Education - Athletics,Shot Put (Female),Nil ,No,No,No,No,0
238,Physical Education - Athletics,Discus (Female),Nil ,No,No,No,No,0
239,Physical Education - Sports,Table Tennis - Singles (Female),Nil ,No,No,No,No,0
240,Physical Education - Sports,Table Tennis - Doubles (Female),Nil ,No,No,No,No,0
241,Physical Education - Sports,Football Kick (Female),Nil ,No,No,No,No,0
242,Physical Education - Sports,Soccer Kick (Female),Nil ,No,No,No,No,0
243,Physical Education - Sports,Netball Shoot (Female),Nil ,No,No,No,No,0
260,Physical Education - Athletics,100m (Female),Nil ,No,No,No,No,0
261,Physical Education - Athletics,200m (Female),Nil ,No,No,No,No,0
262,Physical Education - Athletics,400m (Female),Nil ,No,No,No,No,0
263,Physical Education - Athletics,800m (Female),Nil ,No,No,No,No,0
264,Physical Education - Athletics,1500m (Female),Nil ,No,No,No,No,0
265,Physical Education - Athletics,4 x 100m Relay (Female),Nil ,No,No,No,No,0
266,Physical Education - Athletics,Long Jump (Female),Nil ,No,No,No,No,0
267,Physical Education - Athletics,Shot Put (Female),Nil ,No,No,No,No,0
268,Physical Education - Athletics,Discus (Female),Nil ,No,No,No,No,0
269,Physical Education - Sports,Table Tennis - Singles (Female),Nil,No,No,No,No,0
270,Physical Education - Sports,Table Tennis - Doubles (Female),Nil,No,No,No,No,0
271,Physical Education - Sports,Football Kick (Female),Nil,No,No,No,No,0
272,Physical Education - Sports,Soccer Kick (Female),Nil,No,No,No,No,0
273,Physical Education - Sports,Netball Shoot (Female),Nil,No,No,No,No,0
274,Physical Education - Sports,Basketball (Female),Nil,No,No,No,No,0
275,Physical Education - Sports,Tennis - singles (Female),Nil,No,No,No,No,0
276,Physical Education - Sports,Futsal (Female),Nil,No,No,No,No,0
277,Physical Education - Sports,Volleyball (Female),Nil,No,No,No,No,0
300,Exhibits - Manual Arts,Wood Turning,Nil,No,No,No,No,0
301,Exhibits - Manual Arts,Wood Construction,Nil,No,No,No,No,0
302,Exhibits - Manual Arts,Wood Carving,Nil,No,No,No,No,0
303,Exhibits - Manual Arts,Marquetry,Nil,No,No,No,No,0
304,Exhibits - Manual Arts,Metal Sculpture,Nil,No,No,No,No,0
306,Exhibits - Manual Arts,Metal Fabrication,Nil,No,No,No,No,0
307,Exhibits - Manual Arts,Sheet Metal Work,Nil ,No,No,No,No,0
308,Exhibits - Manual Arts,Clay Work - Handbuilt,Nil,No,No,No,No,0
309,Exhibits - Manual Arts,Clay Work - Wheel thrown,Nil,No,No,No,No,0
310,Exhibits - Manual Arts,Scrapbooking,Document ,Yes,No,No,No,1
311,Exhibits - Manual Arts,Flax Construction,Nil,No,No,No,No,0
312,Exhibits - Manual Arts,Bilum Making,Nil,No,No,No,No,0
313,Exhibits - Manual Arts,Sportswear,Nil,No,No,No,No,0
314,Exhibits - Manual Arts,Coats,Nil,No,No,No,No,0
315,Exhibits - Manual Arts,Female Formals,Nil,No,No,No,No,0
316,Exhibits - Manual Arts,Female Dresses,Nil,No,No,No,No,0
318,Exhibits - Manual Arts,Male Three piece outfit,Nil,No,No,No,No,0
320,Exhibits - Manual Arts,Counted Cross Stitch,Nil,No,No,No,No,0
321,Exhibits - Manual Arts,Embroidery,Nil,No,No,No,No,0
322,Exhibits - Manual Arts,Needle Point,Nil ,No,No,No,No,0
323,Exhibits - Manual Arts,Crochet,Nil,No,No,No,No,0
324,Exhibits - Manual Arts,Knitting,Nil,No,No,No,No,0
325,Exhibits - Manual Arts,Quilts,Nil,No,No,No,No,0
326,Exhibits - Manual Arts,Patchwork,Nil,No,No,No,No,0
350,Exhibits - Manual Arts,Wood Turning,Nil,No,No,No,No,0
351,Exhibits - Manual Arts,Wood Construction,Nil,No,No,No,No,0
352,Exhibits - Manual Arts,Wood Carving,Nil,No,No,No,No,0
353,Exhibits - Manual Arts,Marquetry,Nil,No,No,No,No,0
354,Exhibits - Manual Arts,Metal Sculpture,Nil,No,No,No,No,0
356,Exhibits - Manual Arts,Metal Fabrication,Nil,No,No,No,No,0
357,Exhibits - Manual Arts,Sheet Metal Work,Nil,No,No,No,No,0
358,Exhibits - Manual Arts,Clay Work - Handbuilt,Nil,No,No,No,No,0
359,Exhibits - Manual Arts,Clay Work - Wheel thrown,Nil ,No,No,No,No,0
360,Exhibits - Manual Arts,Scrapbooking,Document ,Yes,No,No,No,1
361,Exhibits - Manual Arts,Flax Construction,Nil,No,No,No,No,0
362,Exhibits - Manual Arts,Bilum Making,Nil,No,No,No,No,0
363,Exhibits - Manual Arts,Sportswear,Nil,No,No,No,No,0
364,Exhibits - Manual Arts,Coats,Nil,No,No,No,No,0
365,Exhibits - Manual Arts,Female Formals,Nil,No,No,No,No,0
366,Exhibits - Manual Arts,Female Dresses,Nil,No,No,No,No,0
368,Exhibits - Manual Arts,Male Three piece outfit,Nil,No,No,No,No,0
370,Exhibits - Manual Arts,Counted Cross Stitch,Nil,No,No,No,No,0
371,Exhibits - Manual Arts,Embroidery,Nil,No,No,No,No,0
372,Exhibits - Manual Arts,Needle Point,Nil,No,No,No,No,0
373,Exhibits - Manual Arts,Crochet,Nil,No,No,No,No,0
374,Exhibits - Manual Arts,Knitting,Nil,No,No,No,No,0
375,Exhibits - Manual Arts,Quilts,Nil,No,No,No,No,0
376,Exhibits - Manual Arts,Patchwork,Nil ,No,No,No,No,0
400,Exhibits - Media Arts,Portrait Photo,Image,Yes,No,No,No,1
401,Exhibits - Media Arts,Nature Photo,Image ,Yes,No,No,No,1
402,Exhibits - Media Arts,Structure/Vehicle Photo,Image,Yes,No,No,No,1
403,Exhibits - Media Arts,Scapes Photo,Image,Yes,No,No,No,1
404,Exhibits - Media Arts,Event/Action Photo,Image,Yes,No,No,No,1
405,Exhibits - Media Arts,Macro Photo,Image,Yes,No,No,No,1
406,Exhibits - Media Arts,General Photo,Image,Yes,No,No,No,1
407,Exhibits - Media Arts,Composite Photo,Image,Yes,No,No,No,1
411,Exhibits - Media Arts,Digital Art,Image,Yes,Yes,No,No,1
412,Exhibits - Media Arts,Posters,Image,Yes,Yes,No,No,1
413,Exhibits - Media Arts,Graphic Design,Image,Yes,Yes,No,No,1
414,Exhibits - Media Arts,Linear Powerpoint Presentation,Document ,no,Yes,No,No,2
415,Exhibits - Media Arts,Non-Linear Powerpoint Presentation,Document ,no,Yes,No,No,2
450,Exhibits - Media Arts,Portrait Photo,Image,Yes,No,No,No,1
451,Exhibits - Media Arts,Nature Photo,Image,Yes,No,No,No,1
452,Exhibits - Media Arts,Structure/Vehicle Photo,Image,Yes,No,No,No,1
453,Exhibits - Media Arts,Scapes Photo,Image,Yes,No,No,No,1
454,Exhibits - Media Arts,Event/Action Photo,Image,Yes,No,No,No,1
455,Exhibits - Media Arts,Macro Photo,Image,Yes,No,No,No,1
456,Exhibits - Media Arts,General Photo,Image,Yes,No,No,No,1
457,Exhibits - Media Arts,Composite Photo,Image,Yes,No,No,No,1
461,Exhibits - Media Arts,Digital Art,Image,Yes,Yes,No,No,1
462,Exhibits - Media Arts,Posters,Document ,Yes,Yes,No,No,1
463,Exhibits - Media Arts,Graphic Design,Document ,Yes,Yes,No,No,1
464,Exhibits - Media Arts,Linear Powerpoint Presentation,Document ,No,Yes,No,No,2
465,Exhibits - Media Arts,Non-Linear Powerpoint Presentation,Document ,No,Yes,No,NO,2
466,Exhibits - Media Arts,Web Site Development,Document ,No,Yes,No,No,2
467,Exhibits - Media Arts,Radio Play,Video/Audio ,Yes,Yes,No,Yes,2
468,Exhibits - Media Arts,Video Production,Video ,Yes,Yes,No,Yes,2
500,Exhibits - Visual Arts,Oil,Image,Yes,No,No,No,0
501,Exhibits - Visual Arts,Watercolour,Image ,Yes,No,No,No,1
502,Exhibits - Visual Arts,Acrylics,Image ,Yes,No,No,No,0
503,Exhibits - Visual Arts,Sketching,Image ,Yes,No,No,No,1
504,Exhibits - Visual Arts,Pastels,Image ,Yes,No,No,No,0
505,Exhibits - Visual Arts,Coloured Pencils,Image ,Yes,No,No,No,1
506,Exhibits - Visual Arts,Pen and Ink,Image ,Yes,No,No,No,1
507,Exhibits - Visual Arts,Prints,Image ,Yes,No,No,No,0
508,Exhibits - Visual Arts,Mixed Media,Image ,Yes,No,No,No,0
509,Exhibits - Visual Arts,Comic Strip,Image ,Yes,No,No,No,1
510,Exhibits - Visual Arts,Geometric Abstract,Image ,Yes,No,No,No,1
550,Exhibits - Visual Arts,Oil,Image ,Yes,No,No,No,0
551,Exhibits - Visual Arts,Watercolour,Image ,Yes,No,No,No,1
552,Exhibits - Visual Arts,Acrylics,Image ,Yes,No,No,No,0
553,Exhibits - Visual Arts,Sketching,Image ,Yes,No,No,No,1
554,Exhibits - Visual Arts,Xpastels,Image ,Yes,No,No,No,0
555,Exhibits - Visual Arts,Coloured Pencils,Image ,Yes,No,No,No,1
556,Exhibits - Visual Arts,Pen and Ink,Image ,Yes,No,No,No,1
557,Exhibits - Visual Arts,Prints,Image ,Yes,No,No,No,0
558,Exhibits - Visual Arts,Mixed Media,Image ,Yes,No,No,No,0
559,Exhibits - Visual Arts,Comic Strip,Image ,Yes,No,No,No,1
560,Exhibits - Visual Arts,Geometric Abstract,Image ,Yes,No,No,No,1
600,Music - Combined,Self Accompanied Solo,Video,No,Yes,Yes,No,1
601,Music - Combined,Self Accompanied Duet,Video,No,Yes,Yes,No,0
602,Music - Combined,Self Accompanied Trio,Video,No,Yes,Yes,No,0
603,Music - Combined,Self Accompanied Small Group,Video ,No,Yes,Yes,No,1
650,Music - Combined,Self Accompanied Solo,Video,No,Yes,Yes,No,1
651,Music - Combined,Self Accompanied Duet,Video,No,Yes,Yes,No,0
652,Music - Combined,Self Accompanied Trio,Video,No,Yes,Yes,No,0
653,Music - Combined,Self Accompanied Small Group,Video,No,Yes,Yes,No,1
654,Music - Combined,Combined Ensemble,Video ,No,Yes,Yes,No,1
700,Music - Instrumental,Piano Solo,Video ,No,Yes,Yes,No,1
702,Music - Instrumental,Instrumental Solo,Video,No,Yes,Yes,No,1
703,Music - Instrumental,String Solo - Plucked,Video,No,Yes,Yes,No,0
704,Music - Instrumental,String Solo - Bow,Video,No,Yes,Yes,No,0
705,Music - Instrumental,Brass Solo,Video,No,Yes,Yes,No,0
706,Music - Instrumental,Tambourine Solo,Video ,No,Yes,Yes,No,1
707,Music - Instrumental,Miscellaneous Solo,Video ,No,Yes,Yes,No,0
708,Music - Instrumental,Piano Duet,Video,No,Yes,Yes,No,1
709,Music - Instrumental,Instrumental Duet,Video,No,Yes,Yes,No,0
710,Music - Instrumental,Tambourine Duet,Video,No,Yes,Yes,No,0
711,Music - Instrumental,Instrumental Trio,Video,No,Yes,Yes,No,0
712,Music - Instrumental,Tambourine Trio,Video ,No,Yes,Yes,No,0
713,Music - Instrumental,Instrumental Small Group,Video ,No,Yes,Yes,No,1
714,Music - Instrumental,Tambourine Small Group,Video,No,Yes,Yes,No,1
715,Music - Instrumental,Music Instrumental Composition,Video,No,Yes,Yes,No,2
716,Music - Instrumental,Music Instrumental Arranging,Video,No,Yes,Yes,No,2
750,Music - Instrumental,Piano Solo,Video,No,Yes,Yes,No,1
752,Music - Instrumental,Instrumental Solo,Video ,No,Yes,Yes,No,1
753,Music - Instrumental,String Solo - Plucked,Video ,No,Yes,Yes,No,0
754,Music - Instrumental,String Solo - Bow,Video,No,Yes,Yes,No,0
755,Music - Instrumental,Brass Solo,Video,No,Yes,Yes,No,0
756,Music - Instrumental,Tambourine Solo,Video,No,Yes,Yes,No,1
757,Music - Instrumental,Miscellaneous Solo,Video,No,Yes,Yes,No,0
758,Music - Instrumental,Piano Duet,Video ,No,Yes,Yes,No,1
764,Music - Instrumental,Instrumental Duet,Video ,No,Yes,Yes,No,0
770,Music - Instrumental,Tambourine Duet,Video,No,Yes,Yes,No,0
771,Music - Instrumental,Instrumental Trio,Video,No,Yes,Yes,No,0
772,Music - Instrumental,Tambourine Trio,Video,No,Yes,Yes,No,0
773,Music - Instrumental,Instrumental Small Group,Video,No,Yes,Yes,No,1
774,Music - Instrumental,Tambourine Small Group,Video ,No,Yes,Yes,No,1
775,Music - Instrumental,Music Instrumental Composition,Video ,No,Yes,Yes,No,2
776,Music - Instrumental,Music Instrumental Arranging,Video,No,Yes,Yes,No,2
777,Music - Instrumental,Instrumental Ensemble,Video,No,Yes,Yes,No,1
778,Music - Instrumental,Tambourine Ensemble,Video,No,Yes,Yes,No,1
779,Music - Instrumental,Handbell Ensemble,Video,No,Yes,Yes,No,1
800,Music - Vocal,Male Solo,Video ,No,Yes,Yes,No,1
801,Music - Vocal,Male Duet,Video ,No,Yes,Yes,No,0
802,Music - Vocal,Male Trio,Video,No,Yes,Yes,No,0
803,Music - Vocal,Male Quartet,Video,No,Yes,Yes,No,1
804,Music - Vocal,Female Solo,Video,No,Yes,Yes,No,1
805,Music - Vocal,Female Duet,Video,No,Yes,Yes,No,0
806,Music - Vocal,Female Trio,Video ,No,Yes,Yes,No,0
807,Music - Vocal,Female Quartet,Video ,No,Yes,Yes,No,1
808,Music - Vocal,Mixed Duet,Video,No,Yes,Yes,No,0
809,Music - Vocal,Mixed Trio,Video,No,Yes,Yes,No,0
810,Music - Vocal,Vocal Small Group,Video,No,Yes,Yes,No,1
813,Music - Vocal,Music Vocal Composition,Video,No,Yes,Yes,No,2
814,Music - Vocal,Music Vocal Arranging,Video ,No,Yes,Yes,No,2
850,Music - Vocal,Male Solo,Video ,No,Yes,Yes,No,1
851,Music - Vocal,Male Duet,Video,No,Yes,Yes,No,0
852,Music - Vocal,Male Trio,Video,No,Yes,Yes,No,0
853,Music - Vocal,Male Quartet,Video,No,Yes,Yes,No,1
854,Music - Vocal,Female Solo,Video,No,Yes,Yes,No,1
855,Music - Vocal,Female Duet,Video ,No,Yes,Yes,No,0
856,Music - Vocal,Female Trio,Video ,No,Yes,Yes,No,0
857,Music - Vocal,Female Quartet,Video,No,Yes,Yes,No,1
858,Music - Vocal,Mixed Duet,Video,No,Yes,Yes,No,0
859,Music - Vocal,Mixed Trio,Video,No,Yes,Yes,No,0
860,Music - Vocal,Mixed Quartet,Video,No,Yes,Yes,No,1
861,Music - Vocal,Vocal Ensemble,Video ,No,Yes,Yes,No,1
862,Music - Vocal,Choir,Video ,No,Yes,Yes,No,1
863,Music - Vocal,Music Vocal Composition,Document ,No,Yes,Yes,No,2
864,Music - Vocal,Music Vocal Arranging,Document ,No,Yes,Yes,No,2
900,Platform,Puppets,Video ,No,Yes,No,Yes,1
901,Platform,Dramatic Dialogue,Video ,No,Yes,No,Yes,1
902,Platform,Mime Solo,Video,No,Yes,No,Yes,1
903,Platform,Mime Group,Video,No,Yes,No,Yes,1
906,Platform,Oratory (Male),Video,No,No,No,Yes,1
907,Platform,Dramatic Monologue (Male),Video,No,No ,No,Yes,1
908,Platform,Expressive Reading (Male),Video ,No,No,No,Yes,1
909,Platform,Dramatic Narrative (Male),Video ,No,No,No,Yes,0
910,Platform,Poetry Recitation (Male),Video,No,No,No,Yes,1
911,Platform,Illustrated Storytelling (Male),Video,No,Yes,No,Yes,1
912,Platform,Ventriloquism (Male),Video,No,Yes,No,Yes,0
913,Platform,Clown Act (Male),Video,No,Yes,No,Yes,1
914,Platform,Famous Speech (Male),Video ,Yes,No,No,Yes,1
915,Platform,Preaching (Male),Video ,No,No,No,Yes,1
920,Platform,Oratory (Female),Video ,No,No ,No,Yes,1
921,Platform,Dramatic Monologue (Female),Video ,No,No,No,Yes,1
922,Platform,Expressive Reading (Female),Video,No,No,No,Yes,1
923,Platform,Dramatic Narrative (Female),Video,No,No,No,Yes,0
924,Platform,Poetry Recitation (Female),Video,No,No,No,Yes,1
925,Platform,Illustrated Storytelling (Female),Video,No,Yes,No,Yes,1
926,Platform,Ventriloquism (Female),Video ,No,Yes,No,Yes,0
927,Platform,Clown Act (Female),Video ,No,Yes,No,Yes,1
928,Platform,Famous Speech (Female),Video,Yes,No,No,Yes,1
929,Platform,Preaching (Female),Video,No,No,No,Yes,1
950,Platform,Puppets,Video,No,Yes,No,Yes,1
951,Platform,Dramatic Dialogue,Video,No,No,No,Yes,1
952,Platform,Mime Solo,Video ,No,Yes,No,Yes,1
953,Platform,Mime Group ,Video ,No,Yes,No,Yes,1
954,Platform,One-Act Play,Video ,No,Yes,No,Yes,1
956,Platform,Oratory (Male),Video ,No,No,No,Yes,1
957,Platform,Dramatic Monologue (Male),Video,No,No,No,Yes,1
958,Platform,Expressive Reading (Male),Video,No,No,No,Yes,1
959,Platform,Dramatic Narrative (Male),Video,No,No,No,Yes,0
960,Platform,Poetry Recitation (Male),Video,No,No ,No,Yes,1
961,Platform,Illustrated Storytelling (Male),Video ,No,Yes,No,Yes,1
962,Platform,Ventriloquism (Male),Video ,No,Yes,No,Yes,0
963,Platform,Clown Act (Male),Video,No,Yes,No,Yes,1
964,Platform,Famous Speech (Male),Video,Yes,No,No,Yes,1
965,Platform,Preaching (Male),Video,No,No,No,Yes,1
970,Platform,Oratory (Female),Video,No,No,No,Yes,1
971,Platform,Dramatic Monologue (Female),Video ,No,No,No,Yes,1
972,Platform,Expressive Reading (Female),Video ,No,No,No,Yes,1
973,Platform,Dramatic Narrative (Female),Video ,No,No,No,Yes,0
974,Platform,Poetry Recitation (Female),Video ,No,No,No,Yes,1
975,Platform,Illustrated Storytelling (Female),Video,No,Yes,No,Yes,1
976,Platform,Ventriloquism (Female),Video,No,Yes,No,Yes,0
977,Platform,Clown Act (Female),Video,No,Yes,No,Yes,1
978,Platform,Famous Speech (Female),Video,Yes,No,No,Yes,1
979,Platform,Preaching (Female),Video ,No,No,No,Yes,1
1000,Scripture,Golden Apple Award,Document ,No,No,No,No,2
1001,Scripture,Golden Lamb Award,Document ,No,No,No,No,2
1002,Scripture,Golden Harp Award,Document ,No,No,No,No,2
1003,Scripture,Christian Soldier Award,Document ,No,No,No,No,2
1004,Scripture,Pastels,Document ,No,No,No,No,2
1005,Scripture,Silver Apple Award,Document ,No,No,No,No,2
1050,Scripture,Golden Apple Award,Document ,No,No,No,No,2
1051,Scripture,Golden Lamb Award,Document ,No,No,No,No,2
1052,Scripture,Golden Harp Award,Document ,No,No,No,No,2
1053,Scripture,Christian Soldier Award,Document ,No,No,No,No,2
1054,Scripture,Christian Worker Award,Document ,No,No,No,No,2
1055,Scripture,Silver Apple Award,Document ,No,No,No,No,2
1056,Scripture,Bible Memory,Nil,No,No,No,No,2
1057,Scripture,Bible Bowl,Nil,No,No,No,No,2
1058,Scripture,Group Bible Speaking,Video ,No,No,No,Yes,1
